Iteracao,Uso de Memoria - Inicial (bytes),Uso de Memoria - Final (bytes),Uso de Memoria - Diferenca (bytes),Tempo de Execucao (s),Valor Procurado,Indice no Vetor
0,21762048,21762048,0,0.015636920928955078,0,0
1,21770240,21770240,0,0.0,0,0
2,21770240,21770240,0,0.0,0,0
3,21770240,21770240,0,0.0,0,0
4,21770240,21770240,0,0.0,0,0
5,21770240,21770240,0,0.0,0,0
6,21770240,21770240,0,0.0,0,0
7,21774336,21774336,0,0.0,0,0
8,21774336,21774336,0,0.0,0,0
9,21774336,21774336,0,0.006515026092529297,0,0
